Word 0,Word 1,Word 2,Word 3,Word 4,Word 5,Word 6,Word 7,Word 8,Word 9,Word 10,Word 11,Word 12,Word 13,Word 14
king,prinze,bat,freddie,titus,wayne,wrestling,league,felix,fan,baseball,bull,jimmy,neil,wcw
trumpet,swan,austen,sammy,sugary,sync,hatch,insipid,carol,flock,web,boston,concert,shell,persuade
tim,ape,burton,planet,roth,human,monkey,jerry,robocop,heston,leo,davidson,bang,baker,robbin
duvall,tarzan,apostle,sonny,sin,church,besson,performance,joan,movie,jane,main,jovovich,term,audience
jackie,movie,make,tarantino,character,time,vampire,work,good,story,simon,city,lee,brown,year
darryl,cuba,butcher,wilder,wayan,senseless,rea,brady,revolution,lemmon,sugar,fiona,garage,guinea,schoolboy
war,military,arnold,colonel,glory,officer,devito,nicholson,schwarzenegg,bridge,japanese,col,british,command,burn
mary,harry,crystal,farrelly,lake,daniel,carrey,catherine,funny,charlie,seagal,jone,betty,irene,farrellys
trek,star,series,fan,bobby,enterprise,datum,insurrection,generation,picard,contact,crew,stewart,captain,trekkie
computer,stahl,hacker,stiller,permanent,midnight,corn,bello,jerry,hack,heroin,lori,drug,habit,hurley
tribe,krippendorf,donnell,guido,benigni,dalmatian,dreyfuss,mermaid,jimmie,farley,claudia,bachelor,camp,son,dora
ricci,patch,christina,hollow,depp,legend,urban,johnny,sleepy,carlito,mob,town,egoyan,burton,monica
disney,voice,animate,toy,woody,allen,animation,beauty,story,adult,character,blake,girl,old,guy
ship,mission,mar,spielberg,team,crew,astronaut,slave,lynch,sinise,rocky,amistad,luc,slavery,planet
killer,horror,scream,princess,campbell,sequel,slasher,victim,murder,know,movie,williamson,neve,stab,watch
movie,make,character,good,time,just,scene,play,story,come,life,man,way,know,look
war,star,evil,character,menace,phantom,jar,power,lucas,special,movie,austin,jedi,original,effect
joe,wedding,godzilla,island,nick,warrior,carry,kelly,singer,sandler,spice,new,girl,sid,kenneth
alien,sci,bug,planet,instinct,patrick,trooper,mulan,showgirl,starship,verhoeven,bad,anastasia,attack,plot
dude,lebowski,movie,coen,doesn,big,wife,job,life,fargo,bread,walter,kidnapper,bowling,granger
